iso3,country,region,hdi_1990,hdi_1995,hdi_2000,hdi_2005,hdi_2010,hdi_2015,hdi_2020,hdi_2023,le_1990,le_1995,le_2000,le_2005,le_2010,le_2015,le_2020,le_2023,eys_1990,eys_1995,eys_2000,eys_2005,eys_2010,eys_2015,eys_2020,eys_2023
AFG,Afghanistan,SA,0.285,0.329,0.351,0.417,0.465,0.496,0.501,0.496,45.118,52.103,55.005,58.247,60.702,62.27,61.454,66.035,2.936460018,4.396440763,5.856421507,7.858029938,9.180809975,10.48297477,10.70538475,10.79014324
ALB,Albania,ECA,0.654,0.638,0.682,0.723,0.769,0.797,0.794,0.81,72.71,74.022,74.826,76.427,78.414,78.358,77.824,79.602,11.57933998,10.05914021,10.82122358,12.03781033,13.69569969,15.45318031,14.73484993,14.51014996
DZA,Algeria,AS,0.595,0.608,0.651,0.692,0.718,0.737,0.742,0.763,67.658,67.691,70.576,72.836,74.144,75.159,73.257,76.261,9.797889709,9.958029747,11.22196007,12.72078991,14.23808002,14.83802509,15.30220699,15.4951601
AND,Andorra,,,,0.825,0.842,0.87,0.869,0.851,0.913,78.961,80.804,81.863,83.086,84.197,84.532,79.418,84.041,9.567166927,10.04495125,10.54659613,10.48631954,12.3120451,11.80185032,11.91193008,14.54279041
AGO,Angola,SSA,,,0.391,0.463,0.528,0.603,0.61,0.616,41.854,46.139,46.501,52.13,57.242,61.042,63.116,64.617,3.755630016,3.727985024,4.82183675,6.956728597,9.091620445,11.7487,12.1676,12.1676
ATG,Antigua and Barbuda,LAC,,,,,0.828,0.839,0.84,0.851,73.602,73.576,74.819,75.364,76.701,76.892,77.161,77.598,,,,,15.58386993,15.55905576,15.51232774,15.50299899
ARG,Argentina,LAC,0.733,0.754,0.789,0.812,0.844,0.859,0.851,0.865,71.615,72.864,73.91,75.231,75.68,76.6,75.878,77.395,13.39248967,13.45425487,15.68756962,16.01845932,17.02877998,17.58465958,18.36116028,18.83120918
ARM,Armenia,ECA,0.663,0.631,0.667,0.711,0.747,0.777,0.761,0.811,67.733,68.813,70.812,72.082,72.938,74.229,68.89,75.683,11.20504035,10.17511988,10.72482014,10.88076973,12.42601967,13.13249016,14.07796955,14.3838501
AUS,Australia,,0.867,0.882,0.897,0.914,0.929,0.938,0.95,0.958,77.041,78.257,79.621,81.092,82.013,82.605,83.664,83.923,17.4329358,18.97002983,20.77985446,21.60246319,22.42507193,23.24768066,20.93943977,20.65477943
AUT,Austria,,0.832,0.856,0.879,0.898,0.912,0.919,0.925,0.93,75.739,76.775,78.235,79.52,80.463,81.159,81.804,81.956,13.84039021,14.82771015,15.23290888,15.60798105,16.12933922,16.03313065,16.12446976,16.28428078
AZE,Azerbaijan,ECA,,0.618,0.652,0.692,0.744,0.771,0.757,0.789,62.75,61.931,65.377,67.71,70.309,72.349,70.312,74.429,11.28000926,11.39315299,11.5074316,11.62285648,11.65657997,13.01393986,12.63230991,12.90977955
BHS,Bahamas,LAC,0.762,0.774,0.787,0.798,0.801,0.807,0.797,0.82,70.945,71.422,72.481,73.413,73.449,73.805,72.994,74.552,11.29223459,11.37755013,11.46351024,11.5501198,11.63738372,11.72522743,11.89137971,11.89137971
BHR,Bahrain,AS,0.734,0.737,0.775,0.791,0.81,0.868,0.885,0.899,72.587,73.361,74.673,76.125,78.593,80.338,78.683,81.284,13.29489804,11.17031956,11.61752534,12.15157986,13.38945827,16.06879997,16.39122709,15.92718983
BGD,Bangladesh,SA,0.397,0.434,0.477,0.52,0.561,0.621,0.663,0.685,55.822,58.244,62.049,65.509,68.009,70.543,71.421,74.672,5.540100098,6.553213437,7.566326777,8.579440117,9.298855373,11.04898398,11.94633007,12.31016827
BRB,Barbados,LAC,0.73,0.744,0.762,0.779,0.797,0.8,0.803,0.811,73.463,73.88,74.58,74.96,75.488,76.055,76.647,76.178,12.94987011,13.6356091,14.2673502,15.05956999,15.7196703,16.05262844,16.53069367,16.6280018
BLR,Belarus,ECA,,0.692,0.724,0.767,0.803,0.825,0.815,0.824,71.145,68.752,68.464,68.982,70.501,73.761,72.269,74.434,12.5394001,12.00144958,13.24389331,14.89752007,15.55224037,15.26385021,14.26484013,13.71881008
BEL,Belgium,,0.824,0.875,0.894,0.911,0.921,0.933,0.939,0.951,76.059,76.84,77.768,79.053,80.04,80.889,80.798,82.115,14.09537029,17.4025898,17.77131081,18.83530998,19.21767998,19.79195976,19.27527046,18.99603081
BLZ,Belize,LAC,0.617,0.647,0.671,0.7,0.727,0.721,0.713,0.721,69.569,69.484,68.911,70.335,70.875,71.647,71.58,73.566,10.14398371,10.98299209,11.89139481,12.57670975,12.39898968,12.87318993,13.16993046,11.98379993
BEN,Benin,SSA,0.351,0.383,0.415,0.456,0.485,0.511,0.504,0.515,53.02,55.366,56.594,57.738,58.387,59.123,60.154,60.774,4.814975057,5.560086862,6.516719818,8.762456894,10.69014263,12.34691048,10.30257988,10.4464798
BTN,Bhutan,SA,,,,,0.593,0.637,0.688,0.698,55.811,59.277,61.842,65.875,68.765,70.797,72.253,72.975,5.531229076,6.603600792,7.90440011,9.379599571,11.80224037,12.63375797,13.06449041,13.15274184
BOL,Bolivia (Plurinational State of),LAC,0.552,0.594,0.63,0.658,0.677,0.704,0.697,0.733,56.797,59.787,62.057,64.182,66.003,67.205,62.906,68.581,11.04458491,12.44190997,14.01602005,15.77556992,15.16174507,14.88112997,15.52953515,15.61065006
BIH,Bosnia and Herzegovina,ECA,,,0.674,0.698,0.725,0.769,0.783,0.804,71.509,70.188,75.292,76.424,76.827,77.073,76.04,77.85,,,11.2798642,12.10950332,12.95133018,13.62532043,13.25508976,13.16394043
BWA,Botswana,SSA,0.59,0.583,0.594,0.616,0.652,0.69,0.718,0.731,60.104,54.713,52.263,54.386,59.137,63.215,67.643,69.163,10.59220615,10.70094013,11.74394989,11.6691103,11.68295281,11.5660107,11.44906858,11.42568016
BRA,Brazil,LAC,0.641,0.666,0.69,0.718,0.748,0.764,0.77,0.786,65.862,67.701,69.584,71.832,73.779,75.106,74.506,75.848,14.09510857,14.34200852,14.59323334,14.8488588,15.10896198,15.24540043,15.44596004,15.7927103
BRN,Brunei Darussalam,EAP,0.781,0.784,0.792,0.814,0.83,0.839,0.836,0.837,71.629,72.838,74.017,74.683,74.82,74.88,75.114,75.327,12.60107709,11.65198731,11.53234005,12.88778973,13.87399006,14.33631992,13.69861984,13.69861984
BGR,Bulgaria,,0.706,0.709,0.733,0.775,0.799,0.824,0.826,0.845,71.321,70.962,71.575,72.559,73.814,74.621,73.599,75.636,12.29901028,12.17436981,12.80523014,14.02011013,14.48367023,15.60958004,15.61781979,15.3166399
BFA,Burkina Faso,SSA,,,,0.333,0.377,0.419,0.453,0.459,49.315,49.554,50.808,53.271,56.343,58.778,60.454,61.092,2.411689997,2.887354088,3.367840052,4.500529766,6.557330132,8.038040161,8.777890205,8.733340263
BDI,Burundi,SSA,0.294,0.294,0.308,0.352,0.416,0.432,0.435,0.439,45.184,44.589,47.617,53.053,57.088,60.107,62.569,63.651,4.218900204,4.514097333,4.599766195,6.369110107,10.5172596,11.1534996,9.966378953,9.829423879
CPV,Cabo Verde,SSA,,,0.585,0.616,0.648,0.658,0.647,0.668,63.869,63.691,68.117,70.936,72.507,74.096,73.818,76.059,,,10.89157009,11.25413036,12.31021023,12.34346008,11.53066323,11.36709717
KHM,Cambodia,EAP,0.387,0.404,0.438,0.514,0.543,0.562,0.595,0.606,55.205,56.562,59.491,64.113,67.311,69.398,70.059,70.668,6.885230713,7.421036508,7.958469868,11.0031147,11.07475427,11.12211501,11.16947575,11.19789219
CMR,Cameroon,SSA,0.448,0.433,0.439,0.472,0.529,0.575,0.579,0.588,54.348,53.347,53.338,54.904,56.965,59.687,61.674,63.7,8.211890221,7.669185162,7.393889904,8.567790031,10.37228012,12.20610046,10.97260818,10.79187965
CAN,Canada,,0.865,0.881,0.894,0.909,0.918,0.932,0.931,0.939,77.433,78.021,79.233,80.131,81.336,81.908,81.654,82.63,16.68971062,16.8725605,15.75918961,15.36077581,15.17741013,15.95269012,15.94466972,15.88825989
CAF,Central African Republic,SSA,0.342,0.326,0.333,0.346,0.358,0.377,0.386,0.414,49.854,48.109,46.609,48.207,46.871,51.934,50.596,57.408,5.280560017,4.400449556,4.909631841,5.418814126,6.018069983,6.580602192,7.285887393,7.435767778
TCD,Chad,SSA,,,0.303,0.339,0.375,0.396,0.408,0.416,45.074,47.453,47.937,48.86,50.107,51.32,53.082,55.069,2.534906066,3.512551267,4.895040035,5.545400143,6.771590233,7.421199799,8.185526568,8.347590231
CHL,Chile,LAC,0.718,0.739,0.771,0.804,0.823,0.855,0.856,0.878,73.675,75.298,77.128,78.459,79.095,80.008,79.349,81.167,12.74779872,12.08984776,13.13626003,14.38132,15.09842968,16.39200974,16.34049988,16.91242027
CHN,China,EAP,0.491,0.543,0.598,0.654,0.71,0.75,0.786,0.797,68.155,70.363,72.288,74.085,75.668,76.975,78.019,77.953,8.605669975,8.725359917,9.904560328,11.54452419,13.04319954,13.97832615,15.21793605,15.4787495
COL,Colombia,LAC,0.623,0.655,0.679,0.711,0.741,0.767,0.764,0.788,68.701,69.81,70.905,73.156,74.876,76.067,74.757,77.725,9.167188807,10.55655956,12.15445042,13.17887974,14.41386032,14.64527988,14.27917004,14.28641033
COM,Comoros,SSA,,,0.461,0.499,0.534,0.565,0.592,0.603,55.62,57.83,58.941,60.883,62.747,64.473,65.756,66.777,7.426238172,7.68901716,8.182189941,9.526122284,10.77042694,11.82644926,13.03771042,13.29446063
COG,Congo,SSA,0.573,0.551,0.545,0.569,0.609,0.643,0.643,0.649,57.07,55.474,55.371,58.73,61.731,63.662,64.391,65.772,11.11108971,10.124471,9.178855705,9.010091782,10.06234741,11.17015669,12.41647044,12.68194711
COD,Congo (Democratic Republic of the),SSA,0.388,0.385,0.391,0.408,0.44,0.477,0.506,0.522,48.538,50.381,51.887,54.001,56.411,58.658,60.428,61.895,6.191844261,6.5542202,6.937803507,7.321386814,8.690759659,9.557940559,10.67325539,10.91147386
CRI,Costa Rica,LAC,0.677,0.706,0.72,0.748,0.776,0.803,0.819,0.833,76.094,76.44,77.317,78.877,79.354,80.407,79.725,80.799,9.739709854,10.698915,11.46004009,12.34011868,13.69601127,14.69305038,16.09200378,16.34963687
HRV,Croatia,,,0.713,0.769,0.814,0.831,0.852,0.867,0.889,72.243,72.561,74.001,75.57,76.676,77.633,77.497,78.58,9.719560833,10.98812008,12.82217979,14.34375954,14.69629955,15.61137962,16.10606956,16.34815025
CUB,Cuba,LAC,0.687,0.664,0.697,0.747,0.783,0.769,0.762,0.762,73.823,74.346,75.922,77.54,77.876,77.745,77.407,78.085,12.60223961,11.52468967,12.44509983,14.8090601,16.27037048,13.85789013,14.42603016,13.87884045
CYP,Cyprus,,0.749,0.777,0.808,0.844,0.869,0.882,0.905,0.913,76.044,76.583,77.9,79.198,80.632,81.464,81.23,81.648,10.67582622,11.50742427,12.40380001,13.36178017,13.99242973,14.82831001,16.22817039,16.21559906
CZE,Czechia,,0.753,0.781,0.817,0.856,0.88,0.9,0.898,0.915,71.409,73.177,74.978,76.156,77.568,78.561,78.237,79.834,12.10068035,12.94954014,14.02147961,15.25259018,16.21603012,16.95470047,16.1389904,16.7935009
CIV,Côte d'Ivoire,SSA,0.389,0.399,0.419,0.435,0.465,0.519,0.553,0.582,52.796,51.713,51.393,52.432,55.282,58.281,60.14,61.944,5.348631403,5.888287707,6.487278112,7.128867912,7.770457713,8.547829628,10.10165024,11.41112995
DNK,Denmark,,0.844,0.862,0.896,0.917,0.92,0.943,0.954,0.962,74.865,75.287,76.815,78.226,79.247,80.739,81.546,81.933,14.31334019,15.18115044,16.20286942,16.77968979,16.89028931,19.2968998,18.64031982,18.70401001
DJI,Djibouti,AS,,0.318,0.337,0.375,0.421,0.469,0.499,0.513,55.469,56.234,56.734,58.548,60.743,62.833,64.2,65.987,2.456440572,2.87349385,3.338967562,4.217241898,4.841651291,5.466060683,6.090470076,6.207350016
DMA,Dominica,LAC,,,0.721,0.732,0.747,0.741,0.753,0.761,70.471,70.832,71.715,72.016,71.68,69.968,71.269,71.132,,,14.92225705,14.56706701,14.3703202,14.15099967,14.15099967,14.15099967
DOM,Dominican Republic,LAC,0.589,0.624,0.658,0.683,0.715,0.747,0.767,0.776,67.746,69.394,70.365,71.043,72.039,72.982,72.636,73.72,9.292522645,10.17015354,11.13067214,12.18190032,13.2331285,14.4622097,14.38307953,13.61692047
ECU,Ecuador,LAC,0.646,0.672,0.683,0.714,0.737,0.764,0.74,0.777,68.445,71.349,72.09,73.909,75.188,76.222,72.004,77.392,11.40330029,11.88080565,12.67896271,13.47711976,14.27527682,14.58164024,14.61038017,14.85167027
EGY,Egypt,AS,0.572,0.609,0.639,0.648,0.677,0.706,0.736,0.754,62.513,65.214,67.332,68.355,69.078,70.135,69.79,71.633,9.206990242,9.972420216,10.77771521,10.83143012,11.19958019,11.88743496,12.91180992,13.12716193
SLV,El Salvador,LAC,0.523,0.567,0.607,0.642,0.66,0.667,0.66,0.678,61.981,64.903,67.711,69.336,70.909,70.952,70.244,72.099,8.514767823,9.610887718,10.89731979,12.4198103,12.16615963,12.01471996,11.08368015,11.11291027
GNQ,Equatorial Guinea,SSA,,,0.508,0.566,0.612,0.656,0.668,0.674,51.397,51.926,53.395,55.766,58.344,60.635,62.141,63.707,,,6.095940113,7.618619873,9.141299634,10.66397939,12.18665915,12.49119511
ERI,Eritrea,SSA,,,,0.474,0.465,0.48,0.495,0.503,49.733,54.822,56.285,60.628,63.665,65.909,66.98,68.624,,5.933259964,7.421460152,8.337298298,7.158269882,7.23029995,7.318835512,7.336672297
EST,Estonia,,0.738,0.725,0.793,0.847,0.868,0.888,0.901,0.905,69.917,67.814,71.014,73.028,75.882,77.665,78.893,79.153,13.0799799,12.79681015,15.16271973,16.49143982,16.50847054,16.04608917,15.77509975,15.96786022
SWZ,Eswatini (Kingdom of),SSA,0.57,0.54,0.493,0.472,0.534,0.607,0.657,0.695,61.167,55.08,47.627,43.958,48.331,54.941,59.862,64.123,9.644469458,9.609889984,9.558130264,10.31523991,12.2055439,13.42878494,14.92692756,15.24604391
ETH,Ethiopia,SSA,,,0.293,0.35,0.415,0.456,0.486,0.497,45.117,48.156,50.88,54.364,59.709,63.592,65.969,67.315,2.954899966,2.531869888,4.218190193,6.314970016,8.021840096,8.448769877,9.094288497,9.217651571
FJI,Fiji,EAP,0.629,0.653,0.668,0.681,0.697,0.715,0.718,0.731,65.056,66.007,66.194,65.983,66.778,66.48,66.924,67.316,11.63193653,11.86062018,12.08948255,12.45875078,12.89310679,13.32746279,13.7618188,13.84869
FIN,Finland,,0.823,0.856,0.898,0.914,0.92,0.938,0.947,0.948,74.989,76.604,77.671,78.971,80.012,81.377,81.822,81.91,15.05280972,16.41723061,17.68334961,17.19054985,17.02306938,19.31086922,19.04858017,19.49408913
FRA,France,,0.798,0.837,0.852,0.877,0.888,0.901,0.909,0.92,76.835,77.871,79.044,80.337,81.405,82.149,82.199,83.325,13.98425961,15.77266979,14.93727016,15.43264008,15.38066006,15.51356983,15.95796013,16.09511948
GAB,Gabon,SSA,0.621,0.64,0.652,0.671,0.684,0.72,0.732,0.733,60.736,61.27,61.81,62.978,64.715,66.336,67.073,68.337,11.06384079,11.28127751,11.50307465,11.72905474,11.95956486,12.19460518,12.43426472,12.48275889
GMB,Gambia,SSA,0.331,0.37,0.403,0.436,0.463,0.482,0.512,0.524,51.278,54.292,56.899,59.11,61.167,62.971,64.418,65.86,3.84434068,4.723680019,5.804072343,6.884464667,7.477910042,8.180476728,8.977899686,8.977899686
GEO,Georgia,ECA,,,0.705,0.744,0.77,0.807,0.822,0.844,68.679,69.398,70.091,70.689,71.732,73.241,73.509,74.496,13.03065177,11.30313015,12.59049034,13.76416016,14.11575007,15.39435959,16.27112961,16.75470924
DEU,Germany,,0.834,0.87,0.897,0.923,0.936,0.948,0.955,0.959,75.341,76.552,78.056,79.254,80.081,80.566,81.004,81.378,14.37678802,15.75277996,16.16333967,16.52160501,16.87987036,17.11218071,17.22598076,17.30921936
GHA,Ghana,SSA,0.432,0.459,0.487,0.515,0.558,0.588,0.614,0.628,55.395,56.662,58.139,59.638,61.297,63.175,64.309,65.498,5.655748717,6.284409625,7.17249012,8.221770287,10.34964466,11.17568016,11.42975998,11.41845989
GRC,Greece,,0.77,0.792,0.828,0.863,0.876,0.888,0.896,0.908,77.299,77.893,78.442,79.65,80.573,80.789,81.536,81.857,12.61826992,13.39009953,15.08321953,16.32467079,16.86330986,18.29533005,19.47872925,20.84550095
GRD,Grenada,LAC,,,,0.764,0.771,0.782,0.782,0.791,70.546,72.094,72.955,73.7,74.731,75.037,75.019,75.205,14.92853619,15.28128333,15.64236555,16.0119798,16.39104621,16.77652931,16.58226156,16.57728919
GTM,Guatemala,LAC,0.499,0.522,0.563,0.583,0.623,0.638,0.645,0.662,61.767,63.662,67.102,68.167,69.885,70.915,69.971,72.602,6.89961844,7.169149876,8.417814391,9.746726227,11.09412003,10.97344017,10.76484728,10.67763042
GIN,Guinea,SSA,0.282,0.314,0.359,0.401,0.43,0.465,0.488,0.5,47.252,49.836,52.42,54.422,56.431,57.899,59.35,60.74,2.694149971,3.624340057,5.239470005,7.105619907,8.475183487,9.286886149,10.20014763,10.39330626
GNB,Guinea-Bissau,SSA,,,,0.412,0.452,0.481,0.498,0.514,46.89,48.531,50.565,52.949,56.999,60.071,61.343,64.085,6.612446919,7.246480545,7.941308404,8.702759743,9.531797789,10.0302576,10.5316806,10.63534621
GUY,Guyana,LAC,0.494,0.536,0.567,0.61,0.647,0.683,0.722,0.776,62.254,62.668,64.075,64.392,66.204,67.719,67.751,70.18,8.467954444,9.293749469,10.20007604,11.19029045,11.40573025,12.45615992,13.02205765,13.02205765
HTI,Haiti,LAC,0.461,0.473,0.497,0.516,0.452,0.552,0.555,0.554,53.215,55.582,58.175,60.318,45.577,63.224,63.773,64.936,9.246763957,9.542611038,9.847923645,10.16300463,10.48816652,10.82330513,10.93954201,10.89635878
HND,Honduras,LAC,0.516,0.537,0.558,0.578,0.596,0.61,0.625,0.645,65.183,66.919,68.302,69.198,69.77,71.323,70.864,72.884,8.164045768,8.575977198,9.166520627,9.757064056,10.24754047,9.652759552,10.06127725,10.16220647
HKG,"Hong Kong, China (SAR)",,0.755,0.8,0.839,0.872,0.912,0.937,0.95,0.955,77.448,79.106,80.704,81.675,82.859,84.147,84.707,85.511,9.417396624,10.86118793,12.52632846,13.84333038,15.82145977,16.3966198,17.06225014,16.89586067
HUN,Hungary,,0.73,0.744,0.781,0.816,0.838,0.847,0.857,0.87,69.372,69.969,71.758,72.865,74.519,75.654,75.73,77.024,11.34864044,12.55263996,14.34342003,15.3645401,15.48670006,15.31861973,15.05879021,15.46940041
ISL,Iceland,,0.841,0.863,0.902,0.935,0.935,0.956,0.965,0.972,77.741,77.543,79.549,81.169,81.594,82.164,82.711,82.691,14.14389992,15.85289955,17.02371025,18.1415596,18.52272034,19.35326958,18.23974037,18.85058975
IND,India,SA,0.446,0.469,0.501,0.547,0.59,0.633,0.652,0.685,58.618,60.63,62.749,64.939,67.162,69.326,70.156,72.003,8.20444394,8.26502037,8.326029778,10.02910471,11.10916996,12.26624012,12.1291399,12.95454025
IDN,Indonesia,EAP,0.531,0.575,0.6,0.638,0.67,0.701,0.71,0.728,63.249,65.263,66.292,67.531,68.364,69.52,68.817,71.146,10.15548038,10.25559044,10.76461029,11.23674011,12.64494991,13.63879967,13.34878254,13.33577728
IRN,Iran (Islamic Republic of),SA,0.626,0.672,0.71,0.746,0.778,0.788,0.775,0.799,64.066,67.904,70.166,72.446,74.39,75.907,74.141,77.654,10.80354888,11.28991032,11.79728985,12.03252029,13.46039009,14.88681984,14.11717033,13.96833061
IRQ,Iraq,AS,0.531,0.538,0.592,0.609,0.65,0.675,0.68,0.695,57.587,64.761,64.86,64.899,68.092,69.977,69.651,72.324,7.327815947,7.851879643,8.340339661,9.659049664,10.81739994,11.56616143,12.22275571,12.35940135
IRL,Ireland,,0.776,0.809,0.869,0.905,0.915,0.931,0.948,0.949,74.838,75.474,76.535,78.909,80.599,81.533,82.39,82.412,12.67891026,13.86139011,16.71693993,17.55994034,17.9317894,18.9115696,19.05665016,19.1848793
ISR,Israel,,0.787,0.81,0.839,0.858,0.889,0.902,0.912,0.919,78.038,78.052,79.18,80.394,81.974,82.254,82.7,82.408,12.10217953,13.07594013,14.3139801,14.64525986,15.04463959,15.04730034,14.8323698,14.93416023
ITA,Italy,,0.787,0.823,0.849,0.876,0.887,0.889,0.899,0.915,76.994,78.125,79.607,81.02,82.132,82.521,82.181,83.716,12.96341991,14.54401016,15.08234024,16.19094086,16.23377037,15.95446968,16.53112984,16.71419907
JAM,Jamaica,LAC,0.662,0.665,0.659,0.687,0.708,0.713,0.711,0.72,71.705,71.488,71.281,71.493,71.979,72.214,71.452,71.479,11.20173568,10.81220007,10.10260963,11.84745026,13.25212002,12.84877014,12.45977059,12.3833955
JPN,Japan,,0.853,0.874,0.889,0.9,0.907,0.917,0.922,0.925,78.993,79.684,81.179,82.007,82.916,83.883,84.67,84.712,13.3987999,14.6657896,14.98795945,15.14465564,15.30135182,15.41378021,15.45631981,15.51198006
JOR,Jordan,AS,0.619,0.653,0.672,0.713,0.732,0.743,0.743,0.754,70.094,70.915,71.926,72.977,73.797,75.06,75.583,77.814,11.38271999,11.98447037,11.81544018,12.84228992,12.55939007,12.91745496,12.91650963,13.1090498
KAZ,Kazakhstan,ECA,0.689,0.665,0.692,0.754,0.781,0.819,0.826,0.837,65.701,63.717,63.793,65.356,68.257,72.024,71.195,74.402,12.20178986,11.55536385,12.23789978,14.24550819,14.49207973,14.19941998,14.81626987,14.0086174
KEN,Kenya,SSA,0.485,0.488,0.5,0.532,0.552,0.583,0.6,0.628,58.334,55.856,56.084,58.51,60.915,62.279,61.596,63.646,7.874494037,8.244613975,8.391160011,9.427020073,10.66118386,10.9365134,11.38448201,11.47407573
KIR,Kiribati,EAP,,,,0.588,0.6,0.623,0.632,0.644,61.018,63.146,64.674,65.517,65.859,65.831,65.205,66.473,,,,10.14543558,10.75829429,11.42192609,11.83846324,11.87390648
PRK,Korea (Democratic People's Rep. of),EAP,,,,,,,,,70.484,60.766,60.911,69.168,70.246,72.825,72.783,73.642,,,,12.71219109,12.00350634,11.32374001,12.12380346,12.20215329
KOR,Korea (Republic of),,0.738,0.789,0.83,0.866,0.894,0.914,0.928,0.937,70.994,73.375,76.235,78.449,80.717,82.54,83.675,84.329,12.95363998,14.27350044,15.53610992,16.36128998,16.7948494,16.57014084,16.37731934,16.6186409
KWT,Kuwait,AS,0.698,0.763,0.778,0.798,0.812,0.832,0.837,0.852,72.854,75.665,75.873,76.464,77.499,79.219,78.248,80.405,8.914629936,11.67164993,12.26894999,13.71689692,13.73418179,14.66771984,15.6911416,15.90424029
KGZ,Kyrgyzstan,ECA,0.649,0.59,0.627,0.648,0.668,0.695,0.7,0.72,64.825,62.919,65.242,65.789,67.521,69.309,69.136,71.677,11.89770031,10.29623985,11.43684006,12.04775047,12.22686958,12.61999035,12.63446045,12.71388245
LAO,Lao People's Democratic Republic,EAP,0.409,0.436,0.473,0.514,0.556,0.604,0.616,0.617,54.035,56.344,58.317,60.688,63.69,66.688,68.339,68.964,6.493869781,6.697710037,7.925909996,9.123129845,10.04775047,11.17383957,10.18749046,9.605483055
LVA,Latvia,,0.736,0.695,0.764,0.818,0.833,0.859,0.879,0.889,69.457,65.995,70.175,70.632,73.028,74.665,75.478,76.19,12.65927029,11.36966991,14.19244003,16.40514946,15.81033039,16.09433937,16.49007988,16.48265076
LBN,Lebanon,AS,,,,0.71,0.75,0.763,0.75,0.752,65.479,72.383,73.895,76.074,77.529,78.275,76.299,77.817,8.497730443,8.862522602,10.27898343,11.15555,11.59261036,11.89169343,11.76125979,11.68299961
LSO,Lesotho,SSA,0.483,0.476,0.462,0.454,0.478,0.517,0.537,0.55,59.317,56.368,48.783,43.611,46.045,51.83,55.133,57.375,8.905960083,9.087889671,9.67057991,10.79631042,11.51760324,11.20116997,11.07051125,10.98659352
LBR,Liberia,SSA,,,0.443,0.446,0.467,0.48,0.498,0.51,37.644,44.573,51.852,56.765,59.358,59.248,61.267,62.163,,,10.43476963,10.06565271,9.935281754,10.0992136,10.46585369,10.46585369
LBY,Libya,AS,0.69,0.712,0.727,0.747,0.755,0.728,0.688,0.721,69.312,70.641,70.542,71.439,72.196,71.644,72.388,69.339,15.17610887,15.5679532,15.96991488,15.48361936,14.68394355,13.88426774,13.08459193,12.92465677
LIE,Liechtenstein,,,,0.882,0.903,0.914,0.925,0.929,0.938,78.51,77.918,78.576,81.117,82.054,82.762,82.037,83.63,,,14.0703913,14.25693989,14.69511986,14.93902016,15.38300991,15.41257954
LTU,Lithuania,,0.745,0.706,0.778,0.828,0.854,0.869,0.888,0.895,71.369,69.018,72.139,71.246,73.196,74.474,75.105,76.025,12.74308968,11.58563995,14.49923992,16.7774601,17.12297058,16.15266037,16.14806938,16.45467949
LUX,Luxembourg,,0.787,0.824,0.861,0.879,0.909,0.913,0.916,0.922,74.967,75.878,77.263,78.879,80.099,81.256,81.411,82.229,10.49890687,11.80346966,13.41460991,13.28934002,13.86919975,14.11491013,14.19386959,14.35795021
MDG,Madagascar,SSA,,,0.443,0.47,0.493,0.501,0.483,0.487,52.14,54.845,57.974,60.664,62.597,63.362,62.706,63.632,6.070099831,6.946813265,7.8235267,8.700240135,9.911525249,10.31361961,9.214897332,9.062584503
MWI,Malawi,SSA,0.306,0.37,0.394,0.427,0.475,0.504,0.512,0.517,43.575,43.804,46.17,52.469,57.787,62.324,65.216,67.353,5.295790195,10.48311996,10.67986965,10.32409,10.73262024,10.43075886,9.990619564,9.902591705
MYS,Malaysia,EAP,0.653,0.691,0.733,0.736,0.779,0.8,0.81,0.819,70.952,71.979,72.732,74.37,75.376,75.288,76.057,76.657,10.47682953,10.84197998,12.39342976,12.34197998,12.78493023,13.28528023,12.95814991,12.67639256
MDV,Maldives,SA,,,0.639,0.657,0.689,0.725,0.73,0.766,63.148,66.962,70.892,74.785,76.756,78.607,78.713,81.041,,11.94556744,11.99182753,12.03828835,12.08483541,12.13138247,12.36854903,12.76840687
MLI,Mali,SSA,0.24,0.273,0.32,0.368,0.41,0.413,0.414,0.419,46.541,48.292,50.605,53.792,55.993,57.852,58.858,60.439,1.942090034,2.827260017,4.327819824,5.905119956,7.305920124,7.026150227,7.037249603,7.011331533
MLT,Malta,,0.735,0.763,0.79,0.84,0.867,0.892,0.903,0.924,76.16,76.982,77.903,79.489,81.398,82.591,82.336,83.299,12.54930019,13.34193993,14.05391026,14.93362999,15.55834007,15.49055958,15.55049038,15.90985012
MHL,Marshall Islands,EAP,,,,,,0.691,0.722,0.733,61.756,62.515,63.323,64.112,64.498,65.292,65.387,66.945,,,,11.88519103,13.08915888,14.29312672,15.8503933,16.38606071
MRT,Mauritania,SSA,0.396,0.439,0.468,0.5,0.525,0.551,0.554,0.563,58.087,58.861,61.044,63.92,65.661,66.498,66.794,68.484,3.684839964,5.381599903,6.303480148,6.956550121,7.665470123,8.634659767,8.051850319,7.949540636
MUS,Mauritius,SSA,0.627,0.65,0.683,0.723,0.755,0.792,0.795,0.806,69.771,70.6,71.76,72.644,73.647,74.673,74.657,74.926,9.971670151,10.62985325,11.92842007,13.34138966,13.76875019,14.52624035,14.22208023,14.16282114
MEX,Mexico,LAC,0.668,0.68,0.712,0.736,0.751,0.773,0.763,0.789,69.034,70.703,72.562,73.627,73.718,74.431,70.449,75.069,11.18052959,11.21502972,11.96185017,12.71755981,13.42037964,14.23423958,14.82310009,14.46811008
FSM,Micronesia (Federated States of),EAP,,,0.596,0.601,0.603,0.604,0.609,0.615,63.722,64.142,64.317,64.906,64.892,65.306,65.878,67.198,,,10.65165943,10.87740554,11.107936,11.34315348,11.52172155,11.54008512
MDA,Moldova (Republic of),ECA,,,,0.702,0.739,0.759,0.77,0.785,67.92,66.218,67.462,68.197,69.876,70.118,69.914,71.198,,,,11.63099955,13.28624573,14.06025028,14.54043007,14.63856847
MCO,Monaco,,,,,,,,,,79.436,80.902,82.121,84.34,84.644,85.323,86.089,86.372,,,,,19.90080565,20.72628952,21.35577965,21.6872406
MNG,Mongolia,EAP,0.593,0.572,0.611,0.671,0.714,0.753,0.741,0.747,58.817,60.891,63.458,64.811,67.1,69.239,70.029,71.734,10.12985992,7.490560055,9.16119957,12.69904041,14.44752979,14.67547035,14.21936448,13.6376543
MNE,Montenegro,ECA,,,,0.773,0.815,0.839,0.841,0.862,73.877,73.74,73.552,74.425,75.713,76.594,75.85,77.087,,,11.49033095,12.90273952,15.11147976,15.66372013,15.51142025,15.53652954
MAR,Morocco,AS,0.451,0.484,0.528,0.573,0.607,0.659,0.683,0.71,62.396,64.725,66.794,68.748,70.821,72.894,73.133,75.313,6.382909775,7.261839867,8.56276989,10.01336002,10.91386032,12.60133171,13.92945957,15.07499027
MOZ,Mozambique,SSA,0.246,0.257,0.311,0.371,0.419,0.457,0.477,0.493,44.337,46.546,49.476,52.322,55.04,58.711,61.39,63.611,3.871253902,4.153170109,6.018149853,8.379469872,10.19349003,10.35270023,10.72532345,10.84830885
MMR,Myanmar,EAP,0.347,0.385,0.415,0.463,0.515,0.566,0.609,0.609,57.159,58.671,60.357,61.72,63.479,65.288,66.612,66.889,6.440790176,7.768799782,7.909849803,8.436699867,9.454712781,10.73586759,11.50456047,11.50456047
NAM,Namibia,SSA,0.597,0.595,0.561,0.564,0.591,0.63,0.647,0.665,61.359,57.518,52.946,52.557,56.093,60.008,64.071,67.385,11.65740713,13.08613968,12.02659512,11.59650993,11.51228626,11.63539444,11.75997928,11.78505588
NRU,Nauru,EAP,,,,0.589,0.616,0.66,0.684,0.703,59.102,60.063,59.574,59.361,60.074,60.897,61.527,62.109,,,10.22042762,10.81943438,11.45354821,12.12327118,12.73862495,12.84263763
NPL,Nepal,SA,0.404,0.438,0.471,0.5,0.551,0.575,0.599,0.622,54.771,59.323,62.642,65.275,66.772,67.374,69.106,70.354,7.272699833,7.769179821,8.580169678,9.295350075,11.88823986,12.6352396,12.64451981,13.75430393
NLD,Netherlands,,0.855,0.886,0.9,0.907,0.925,0.94,0.945,0.955,77.012,77.551,78.13,79.488,80.829,81.49,81.393,82.158,14.7744503,16.81469917,16.53998947,16.43285942,17.01534081,18.26939964,18.41378021,18.58485031
NZL,New Zealand,,0.811,0.858,0.896,0.917,0.926,0.934,0.94,0.938,75.425,76.785,78.668,80.031,81.052,81.587,82.663,82.088,14.59095001,16.94636917,17.92928823,19.12484932,19.4425087,18.9496994,19.1901207,19.30005074
NIC,Nicaragua,LAC,0.515,0.549,0.593,0.63,0.651,0.679,0.676,0.706,62.473,64.869,66.36,70.374,71.761,72.899,70.766,74.947,7.302750111,8.529800415,10.0330786,10.75950841,10.96803929,11.17657017,11.38510105,11.51021957
NER,Niger,SSA,0.215,0.238,0.266,0.302,0.339,0.374,0.404,0.419,41.732,45.504,49.172,53.32,57.08,58.85,59.89,61.183,1.964450002,2.282449939,2.712899945,3.529139996,4.609570026,6.161429882,7.873671385,8.308919801
NGA,Nigeria,SSA,0.379,0.402,0.435,0.484,0.502,0.53,0.547,0.56,45.733,45.87,47.143,49.538,51.315,51.939,53.072,54.462,5.83456407,6.795659864,8.045780182,8.961859703,8.181969643,9.309317044,10.32213749,10.51407
MKD,North Macedonia,ECA,0.644,0.653,0.686,0.717,0.765,0.795,0.783,0.815,71.339,71.965,72.569,73.608,75.037,75.629,74.469,77.395,11.32026995,11.13234997,11.89542007,12.1942997,13.36975956,13.7627697,13.40307045,14.78143978
NOR,Norway,,0.856,0.887,0.924,0.939,0.947,0.959,0.969,0.97,76.586,77.797,78.692,80.169,81.039,82.273,83.195,83.308,14.01183033,15.66366005,17.42749023,17.43656921,17.52806091,17.78302002,18.3110199,18.79285049
OMN,Oman,AS,,,0.707,0.756,0.804,0.838,0.843,0.858,69.012,71.56,73.643,75.07,77.184,79.346,77.763,80.031,7.651329994,9.283040047,10.46758213,11.91827011,13.71625042,14.15594959,13.24143028,13.43931961
PAK,Pakistan,SA,0.396,0.415,0.436,0.48,0.5,0.527,0.536,0.544,59.728,60.273,61.903,62.416,64.378,65.641,65.701,67.649,4.238239765,4.450285948,4.662332131,5.463049889,6.052280188,6.739069939,7.89510849,7.89510849
PLW,Palau,EAP,,,0.736,0.761,0.779,0.802,0.799,0.786,62.79,63.255,64.499,66.219,68.347,69.07,68.689,69.269,12.78453101,13.2377183,13.70697021,14.19285622,14.69596595,15.21617651,15.1180159,14.06742382
PSE,"Palestine, State of",AS,,,,0.663,0.691,0.712,0.718,0.674,67.803,69.583,70.298,72.004,73.302,74.577,74.998,65.17,7.92247848,9.422945044,11.10002041,12.67113972,13.49948025,13.23941994,13.24273968,12.99800968
PAN,Panama,LAC,0.672,0.69,0.718,0.746,0.775,0.803,0.808,0.839,71.266,71.994,73.443,75.16,76.417,77.583,76.33,79.594,10.88070965,11.18601036,12.33343983,12.93978977,12.93607998,12.81215954,13.25128957,13.3116098
PNG,Papua New Guinea,EAP,0.403,0.442,0.456,0.473,0.503,0.543,0.567,0.576,59.778,60.929,61.609,61.868,63.056,64.473,65.075,66.134,4.600746032,5.316289902,6.142994287,7.10527999,8.067565692,9.425192187,11.12736798,11.51107187
PRY,Paraguay,LAC,0.607,0.637,0.664,0.683,0.709,0.737,0.742,0.756,67.341,68.778,70.026,71.317,72.551,73.454,72.72,73.844,9.1561203,10.40659046,12.14581013,12.60157967,13.17776012,13.33196507,13.48617001,13.98706964
PER,Peru,LAC,0.625,0.654,0.682,0.691,0.731,0.768,0.769,0.794,63.979,67.22,69.821,71.988,72.886,75.732,73.832,77.74,11.68725967,11.8151598,12.81503963,12.61705971,13.60830212,14.58991671,14.80487907,14.90939376
PHL,Philippines,EAP,0.593,0.609,0.632,0.656,0.669,0.69,0.699,0.72,64.382,66.311,67.789,68.423,68.883,69.45,70.097,69.833,10.73402023,10.89836025,11.53904009,11.58979034,11.54787788,12.61225033,12.78335953,12.81904666
POL,Poland,,0.722,0.754,0.801,0.826,0.852,0.879,0.88,0.906,70.606,71.959,73.645,75.127,76.282,77.589,76.595,78.633,12.11456966,13.10087967,14.89494991,15.37594032,15.76898956,16.41242027,15.84399033,16.67827988
PRT,Portugal,,0.707,0.773,0.797,0.81,0.836,0.857,0.87,0.89,74.304,75.55,76.83,78.317,80.115,81.321,81.366,82.36,11.83831978,15.41711998,15.6854403,15.21778965,16.11100006,16.38459969,16.66860962,17.48682022
QAT,Qatar,AS,0.767,0.788,0.795,0.815,0.834,0.86,0.872,0.886,73.405,74.404,75.25,76.909,79.444,81.785,80.409,82.368,12.08216,12.51344967,12.12788963,11.83990002,12.54948997,12.4894104,13.26426983,13.14116001
ROU,Romania,,0.719,0.701,0.73,0.765,0.822,0.823,0.832,0.845,69.841,69.323,71.159,71.581,73.579,74.737,74.046,75.938,12.47976971,10.81352043,12.20909977,13.0271101,16.19702911,14.59737968,14.45413971,14.05288029
RUS,Russian Federation,,0.762,0.713,0.75,0.78,0.808,0.833,0.818,0.832,69.279,63.995,64.998,65.219,68.153,71.345,71.171,73.154,12.65668964,11.57287979,12.79107237,14.13333988,14.37661982,14.91147041,13.24584007,13.18515015
RWA,Rwanda,SSA,,0.294,0.34,0.433,0.504,0.525,0.555,0.578,47.763,41.518,47.798,56.968,62.804,65.419,66.953,67.785,,5.644849777,6.472990036,9.417039871,11.67043018,11.08055973,11.76366997,12.59045029
KNA,Saint Kitts and Nevis,LAC,,,,0.758,0.791,0.83,0.828,0.84,65.641,67.23,69.249,71.151,71.452,71.211,71.181,72.145,12.99134617,13.35528717,13.82878075,14.30227432,15.74492709,18.40703011,18.40703011,18.40703011
LCA,Saint Lucia,LAC,0.683,0.698,0.71,0.73,0.749,0.757,0.734,0.748,70.008,71.172,70.779,72.544,72.768,72.932,72.308,72.697,11.76698299,12.01363113,12.26150842,12.75965023,13.24927998,13.74295998,12.68871975,12.73040962
VCT,Saint Vincent and the Grenadines,LAC,,,0.7,0.724,0.746,0.765,0.781,0.798,70.647,70.575,70.35,70.454,70.66,70.463,69.605,71.23,10.55753964,11.2896181,12.07246017,12.90837774,14.01221809,15.09107018,16.2530213,16.2530213
WSM,Samoa,EAP,,0.655,0.676,0.694,0.708,0.708,0.708,0.708,67.808,69.469,70.791,71.487,71.451,71.06,70.727,71.698,11.6098,11.6578,11.60974026,11.81640519,12.02307013,12.22973506,12.4364,12.4364
SMR,San Marino,,,,0.881,0.893,0.905,0.896,0.895,0.915,77.783,79.031,80.504,81.926,83.464,84.596,82.65,85.706,,,15.63998032,15.50981152,15.4177103,14.96122756,14.65939835,14.59976717
STP,Sao Tome and Principe,SSA,,,,0.535,0.564,0.608,0.628,0.637,60.707,60.536,61.207,62.434,63.867,66.023,67.979,69.718,,,,9.380213026,10.17840004,12.4100399,12.6637182,12.8567099
SAU,Saudi Arabia,AS,0.67,0.705,0.737,0.782,0.801,0.851,0.875,0.9,68.874,70.944,72.607,74.4,75.616,77.776,77.596,78.732,9.059376352,10.24281504,11.58084793,13.09366989,13.01385283,14.76905489,15.75979996,16.94943047
SEN,Senegal,SSA,0.377,0.384,0.398,0.43,0.477,0.509,0.522,0.53,56.674,57.336,57.615,60.98,64.221,66.451,67.496,68.683,4.31622616,4.783363914,5.490004158,6.874909878,8.141200066,9.290579796,9.053489685,9.142709732
SRB,Serbia,ECA,,0.686,0.701,0.743,0.775,0.802,0.809,0.833,72.225,72.726,72.334,73.115,74.376,75.653,74.507,76.769,12.34569899,12.75198239,13.17163612,13.54957962,13.67858028,14.75028992,14.61096001,15.04216003
SYC,Seychelles,SSA,,,,,0.758,0.819,0.853,0.848,70.17,70.634,71.313,71.921,72.477,72.285,74.091,72.862,,,,,11.19475894,16.14831924,17.85103989,18.22489929
SLE,Sierra Leone,SSA,0.313,0.314,0.318,0.37,0.41,0.432,0.454,0.467,43.72,42.579,44.834,48.306,51.927,55.454,59.694,61.786,4.661960125,5.085221958,6.181112003,7.299098089,8.550519861,8.781952034,9.016348244,9.064124575
SGP,Singapore,EAP,0.819,0.854,0.882,0.911,0.932,0.935,0.944,0.946,74.598,75.725,77.752,80.271,81.647,82.748,83.661,83.736,16.40782026,16.60151137,16.79748897,16.99578004,17.63391359,16.80487769,16.78735924,16.74227905
SVK,Slovakia,,0.698,0.729,0.774,0.815,0.851,0.861,0.867,0.88,70.819,72.254,73.139,74.156,75.496,76.65,76.864,78.341,11.45825015,12.14776039,13.4864502,14.57946014,15.26029968,14.8499403,14.56892014,14.94684982
SVN,Slovenia,,0.734,0.768,0.829,0.876,0.896,0.909,0.918,0.931,73.465,74.419,75.83,77.503,79.301,80.499,80.364,81.603,12.0217104,12.66938972,14.97756004,16.74777985,17.08004951,17.27178001,17.26226997,17.47717094
SLB,Solomon Islands,EAP,,,0.547,0.553,0.564,0.576,0.579,0.584,66.194,66.717,67.116,67.79,68.669,69.323,69.258,70.528,10.81152111,10.90339648,10.9960526,11.0894961,11.18373368,11.27873983,11.32064781,11.31304207
SOM,Somalia,AS,,,,,,,,0.404,46.896,50.65,50.747,50.894,48.9,55.056,57.095,58.816,,,,,,,,7.486165162
ZAF,South Africa,SSA,0.633,0.654,0.618,0.616,0.669,0.722,0.724,0.741,62.942,61.603,58.368,53.914,58.886,64.053,65.15,66.139,11.99145985,12.95232761,11.93591523,11.85476017,12.8413496,14.60560989,13.98349953,13.79325008
SSD,South Sudan,SSA,,,,,0.42,0.317,0.398,0.388,28.628,31.51,47.591,53.965,57.485,39.757,57.648,57.617,,,,,4.983324,5.634770141,5.634770141,5.634770141
ESP,Spain,,0.766,0.804,0.833,0.857,0.875,0.895,0.901,0.918,77.0,78.2,79.412,80.32,82.006,82.611,82.241,83.67,14.35657978,15.75236034,15.8646698,15.98174,16.40280914,17.40423965,17.4695797,17.83031082
LKA,Sri Lanka,SA,0.638,0.667,0.702,0.721,0.748,0.769,0.78,0.776,69.239,69.746,71.179,73.073,74.463,75.99,76.928,77.483,11.49196747,11.92872584,12.37730384,12.82588184,13.27445984,13.36060333,13.35515356,13.12815666
SDN,Sudan,AS,,,,,0.479,0.498,0.513,0.511,55.497,57.447,58.946,57.226,62.979,64.375,65.124,66.331,3.575123192,4.339961577,5.268424466,6.340129852,7.41782999,7.932330132,8.501687381,8.620371878
SUR,Suriname,LAC,,,,0.685,0.707,0.718,0.714,0.722,62.088,62.779,64.409,66.997,69.626,70.567,72.321,73.631,10.76805019,10.94032947,11.11260875,11.14640141,11.08786964,11.02933788,10.97080612,10.95909977
SWE,Sweden,,0.818,0.869,0.912,0.911,0.918,0.945,0.951,0.959,77.589,78.822,79.739,80.621,81.519,82.184,82.427,83.262,12.94981956,16.10770035,18.69342995,16.00225067,15.98805046,18.32088089,18.65209007,18.99147034
CHE,Switzerland,,0.858,0.872,0.892,0.909,0.945,0.957,0.963,0.97,77.385,78.565,79.834,81.236,82.287,82.846,83.063,83.954,13.49625969,14.39243984,15.03796959,15.22286034,15.6798296,16.1556797,16.43366051,16.66753006
SYR,Syrian Arab Republic,AS,0.572,0.587,0.594,0.646,0.669,0.549,0.57,0.564,69.83,70.209,70.856,72.797,73.542,63.265,71.944,72.12,10.29174995,9.720040321,10.01195458,11.33917046,11.89066982,8.005896733,7.418754527,7.418754527
TJK,Tajikistan,ECA,,0.547,0.554,0.611,0.639,0.658,0.664,0.691,61.636,61.389,63.542,66.531,68.37,69.665,68.605,71.79,11.81420321,10.06548023,9.621109962,10.62835026,10.96275997,10.91729242,10.86102637,10.84980801
TZA,Tanzania (United Republic of),SSA,0.381,0.38,0.414,0.465,0.513,0.52,0.554,0.555,51.985,51.005,53.244,57.675,61.127,63.928,66.771,66.995,5.407980348,5.269070148,6.309351628,7.834320875,9.359290123,7.91933012,9.075323105,8.585740089
THA,Thailand,EAP,0.584,0.628,0.657,0.707,0.742,0.788,0.798,0.798,68.924,69.757,71.205,72.894,75.012,76.563,77.331,76.412,8.760849953,10.06676006,11.32449341,12.51091003,13.53878021,16.04120445,15.47045994,15.35883492
TLS,Timor-Leste,EAP,,,0.507,0.564,0.645,0.628,0.65,0.634,45.185,47.543,58.097,61.272,63.66,65.326,66.919,67.689,,,9.691092949,11.45902852,13.12940025,13.18550173,13.24177562,13.25306303
TGO,Togo,SSA,0.412,0.425,0.448,0.46,0.483,0.523,0.554,0.571,54.557,53.692,54.577,55.916,57.227,59.22,61.123,62.739,7.330160141,8.474849701,9.483499527,10.11639977,11.34478736,12.31624985,12.96236085,13.09642387
TON,Tonga,EAP,0.641,0.675,0.688,0.706,0.724,0.743,0.765,0.769,67.539,68.592,69.635,70.56,71.319,71.851,72.379,72.895,11.42297889,12.38910749,13.02054977,14.53181183,15.54674092,16.56167002,17.57659912,17.78693018
TTO,Trinidad and Tobago,LAC,0.661,0.677,0.714,0.756,0.789,0.808,0.8,0.807,67.591,67.995,68.629,70.185,71.809,72.882,72.645,73.49,10.69306493,10.82139449,11.3776311,11.93712083,12.75409682,13.43764126,14.1010764,14.23764336
TUN,Tunisia,AS,0.569,0.606,0.654,0.69,0.717,0.728,0.733,0.746,69.092,70.785,72.604,73.712,74.438,74.875,75.004,76.508,9.835510254,10.98894024,12.53472996,13.62553978,14.04518986,14.18632984,14.61953746,14.67349856
TKM,Turkmenistan,ECA,,,,0.653,0.7,0.725,0.744,0.764,63.867,63.514,64.931,66.275,68.608,69.061,68.846,70.073,,,,8.717363622,10.1516131,11.611313,12.44202042,13.24057961
TUV,Tuvalu,EAP,0.566,0.587,0.61,0.621,0.636,0.658,0.681,0.689,61.643,62.505,63.536,64.096,64.834,65.365,66.357,67.105,9.77039945,10.14400354,10.54128747,10.96396083,11.41385947,11.89172015,12.31097206,12.37506862
TUR,Türkiye,ECA,0.598,0.623,0.669,0.701,0.75,0.821,0.838,0.853,67.835,69.734,71.931,73.51,74.964,76.539,76.525,77.156,8.922039986,9.600279808,11.13335514,12.03092003,13.95011044,17.78837967,19.29534912,19.8307991
UGA,Uganda,SSA,0.342,0.356,0.407,0.47,0.514,0.547,0.571,0.582,47.561,47.706,49.64,54.926,59.959,63.831,66.41,68.252,5.745009899,5.621990204,8.409995609,10.60913023,10.83306978,11.15899464,11.49553237,11.56404819
UKR,Ukraine,ECA,0.75,0.702,0.716,0.757,0.782,0.778,0.783,0.779,70.354,67.114,67.786,67.517,70.188,72.686,73.283,73.422,12.5736599,11.9802084,12.79876041,14.51976013,15.05955982,13.77066994,13.58794975,13.32800961
ARE,United Arab Emirates,AS,0.713,0.747,0.79,0.819,0.835,0.857,0.909,0.94,71.074,71.392,76.347,80.779,81.886,82.076,81.936,82.909,9.683460236,10.29774019,10.32631519,10.35489019,10.38346518,11.03812981,13.52027988,15.60159016
GBR,United Kingdom,,0.812,0.835,0.87,0.903,0.921,0.931,0.93,0.946,75.738,76.614,77.849,79.106,80.391,80.919,80.385,81.302,13.64140034,14.85622501,15.99540997,16.61335945,16.45923996,17.32836914,17.37801933,17.81106949
USA,United States,,0.878,0.888,0.895,0.907,0.919,0.928,0.925,0.938,75.374,75.852,76.806,77.526,78.668,78.722,77.011,79.304,15.60052013,15.94429016,15.40754986,16.10810089,16.39607477,16.59604073,16.62663078,15.92300034
URY,Uruguay,LAC,0.713,0.729,0.764,0.778,0.796,0.818,0.837,0.862,72.994,73.493,74.693,75.829,76.691,77.285,78.381,78.138,12.9682703,13.22863269,14.16732025,15.11001015,15.15231991,15.8863802,16.5159893,17.4839592
UZB,Uzbekistan,ECA,,,0.603,0.638,0.681,0.707,0.723,0.74,65.772,64.67,65.456,67.481,69.836,71.33,71.461,72.388,11.07470989,10.63627284,10.59078026,11.39583969,11.60091972,11.66322994,11.89046955,12.46086979
VUT,Vanuatu,EAP,,,,0.561,0.582,0.599,0.617,0.621,66.684,68.104,68.586,69.166,69.57,70.163,70.385,71.477,7.575694146,8.340174105,9.334440231,10.03939349,10.68646182,11.33353016,11.73192996,11.81160992
VEN,Venezuela (Bolivarian Republic of),LAC,0.658,0.687,0.703,0.728,0.764,0.768,0.699,0.709,70.964,71.714,72.388,73.075,73.092,73.004,72.369,72.514,10.27801037,10.59076262,10.45304966,12.42912769,14.02840114,13.57514373,13.07869424,12.96537654
VNM,Viet Nam,EAP,0.499,0.556,0.604,0.647,0.686,0.717,0.755,0.766,69.027,70.871,72.746,73.198,73.611,73.955,75.383,74.588,7.688290119,9.251096189,10.55862045,11.61049747,12.74203205,13.87356663,15.0051012,15.45771503
YEM,Yemen,AS,0.359,0.393,0.439,0.481,0.502,0.475,0.459,0.47,58.528,60.532,62.761,65.356,67.223,66.761,66.435,69.295,5.393598749,6.229819829,7.207654953,8.133910179,8.018250465,7.829733567,7.494902735,7.494902735
ZMB,Zambia,SSA,0.422,0.413,0.429,0.48,0.533,0.565,0.578,0.595,48.204,46.051,46.577,51.615,56.896,60.728,63.361,66.349,7.79542017,8.090736695,8.561715661,10.09792556,10.99241965,11.00518704,11.01797045,11.02052892
ZWE,Zimbabwe,SSA,0.5,0.477,0.458,0.455,0.512,0.567,0.582,0.598,58.319,51.144,46.034,46.57,51.925,58.989,61.53,62.775,9.529560089,9.847623008,10.41816044,10.43400987,10.79711024,10.86762838,11.02558696,11.05745312
